{"data":{"supSearch":{"results":[{"part":{"mpn":"ATMEGA328P-MMHR","manufacturer":{"name":"Microchip"},"shortDescription":"MCU - 8-bit AVR RISC - 32KB Flash - 2.5V/3.3V/5V - 28-Pin VQFN EP - Tape&Reel"}},{"part":{"mpn":"ATMEGA328P-MU","manufacturer":{"name":"Microchip"},"shortDescription":"MCU - 8-bit AVR RISC - 32KB Flash - 2.5V/3.3V/5V - 32-Pin VQFN EP - Tray"}},{"part":{"mpn":"ATMEGA328P-PU","manufacturer":{"name":"Microchip"},"shortDescription":"Microchip - ATMEGA328P-PU - Microcontroller Mcu, 8 Bit, Atmega, 20MHZ, DIP-28"}},{"part":{"mpn":"ATMEGA328-PU","manufacturer":{"name":"Microchip"},"shortDescription":"MCU 8-bit ATmega AVR RISC 32KB Flash 2.5V/3.3V/5V 28-Pin PDIP - Rail/Tube"}},{"part":{"mpn":"ATMEGA328P-MN","manufacturer":{"name":"Microchip"},"shortDescription":"AVR® ATmega 20MHz 2KB RAM 32KB Flash 8-Bit Microcontroller - VQFN-32"}}]}},"extensions":{"requestId":"b21fbdff-443d-4d0a-9cc3-0ac83a87b11c"}}